id,title,organisation,url,publication_date,consultation_date,theme,summary,interest_for_watch,text_type,context_type,date_basis,consultation_scope,verification_note
"S01","Guide de l'influence responsable","ADEME","https://librairie.ademe.fr/economie-circulaire-et-dechets/9167-guide-de-l-influence-responsable-9791029723919.html","2026-04-08","2026-09-05","Influence responsable","Guide opérationnel sur les pratiques d'influence, les enjeux éthiques et la réduction des effets de surconsommation dans les contenus sociaux.","Source centrale pour encadrer les partenariats influenceurs, les annotations de veille et les recommandations aux marques.","Resume redige","Actualite recente","Mise en ligne 08/04/2026; edition 03/2026","Contenu de la page publique; resume reformule",""
"S02","Guide anti-greenwashing de l'ADEME - edition 2025","ADEME","https://librairie.ademe.fr/societe-et-politiques-publiques/8839-10637-guide-anti-greenwashing-de-l-ademe-edition-2025-9791029724312.html","2025-12-02","2026-09-05","Anti-greenwashing","Ressource pratique destinée aux communicants pour éviter les allégations environnementales vagues ou trompeuses et intégrer les évolutions réglementaires.","Base de contrôle des messages de campagne et des claims environnementaux.","Resume redige","Actualite recente","Mise en ligne 02/12/2025","Contenu de la page publique; resume reformule",""
"S03","Les fondamentaux de la communication responsable","ADEME","https://communication-responsable.ademe.fr/fondamentaux","","2026-09-05","Communication responsable","Portail qui insiste sur la sincérité, la transformation réelle, l'analyse de pertinence, l'eco-socio-conception et la mobilisation des parties prenantes.","Cadre méthodologique pour structurer une offre de conseil en marketing responsable.","Resume redige","Reference / contexte historique","Date de publication non etablie","Contenu de la page publique; resume reformule",""
"S04","Barometre de la consommation responsable 2025","GreenFlex et ADEME","https://communication-responsable.ademe.fr/barometre-de-la-consommation-responsable-2025-greenflex-et-lademe","2025-07-01","2026-09-05","Consommation responsable","Le baromètre constate une conscience climatique élevée mais un engagement plus fragile, freiné par les prix, les promotions et les injonctions de consommation.","Permet de relier la demande client à des messages plus sobres, utiles et crédibles.","Resume redige","Actualite recente","Date affichee par la source","Contenu de la page publique; resume reformule",""
"S05","Bilan publicite et environnement 2023-2024","ARPP","https://www.arpp.org/actualite/bilan-publicite-et-environnement-2023-2024/","2024-10-02","2026-09-05","Publicite environnementale","Bilan d'application de la recommandation developpement durable, portant sur des publicites environnementales observees sur plusieurs medias.","Permet de surveiller les manquements, reserves et tendances de representation dans la publicite.","Resume redige","Reference / contexte historique","Metadonnee article:published_time 2024-10-02; ancienne date 2024-11-02 corrigee","Page de presentation du bilan; rapport non utilise pour des chiffres",""
"S06","Recommandation Developpement durable v3","ARPP","https://www.arpp.org/nous-consulter/regles/regles-de-deontologie/developpement-durable/","","2026-09-05","Deontologie publicitaire","Règles deontologiques applicables aux publicites utilisant un argument ecologique, social, societal ou economique lie au developpement durable.","Grille de conformité pour evaluer les campagnes et limiter les risques de greenwashing.","Resume redige","Reference / contexte historique","Date de publication non etablie","Contenu de la page publique; resume reformule","Recommandation deontologique v3 en vigueur depuis le 01/08/2020; distincte d'une loi."
"S07","Marketing d'influence: controles au premier trimestre 2023","DGCCRF","https://www.economie.gouv.fr/dgccrf/actualites-dgccrf/marketing-dinfluence-la-dgccrf-intensifie-ses-controles-au-premier-trimestre-2023","2023-05-03","2026-09-05","Influence commerciale","La DGCCRF signale 50 influenceurs controles au premier trimestre 2023 et des constats d'infraction pour 60 pour cent d'entre eux.","Indique un risque réglementaire concret et la necessite de transparence des partenariats commerciaux.","Resume redige","Reference / contexte historique","Date affichee par la source","Contenu de la page publique; resume reformule","Controle cible de 50 influenceurs en 2023; les 60 % ne representent pas tous les influenceurs."
"S08","Directive UE 2024/825 sur la transition verte des consommateurs","Union europeenne - EUR-Lex","https://eur-lex.europa.eu/legal-content/FR/TXT/?uri=CELEX:32024L0825","2024-03-06","2026-09-05","Reglementation europeenne","La directive encadre les allégations environnementales et les labels de durabilité. L'article 4 fixe une transposition au 27 mars 2026 et une application des dispositions au 27 septembre 2026. Son entrée en vigueur ne signifie pas application immédiate de toutes les nouvelles mesures.","Source juridique majeure pour anticiper les exigences de preuve, labels et engagements climatiques.","Resume redige","Reference / contexte historique","Date affichee par la source","Contenu de la page publique; resume reformule","Articles 4 et 5 verifies. Calendrier europeen; aucune conclusion sur la transposition francaise."
"S09","Green claims: position du Parlement europeen","Parlement europeen","https://www.europarl.europa.eu/news/en/press-room/20240308IPR19001/parliament-wants-to-improve-consumer-protection-against-misleading-claims","2024-03-12","2026-09-05","Green claims","Le Parlement a adopté en première lecture sa position sur une proposition distincte de directive relative à la justification des allégations environnementales. Cette position de 2024 n'est pas une loi applicable. Voir S19 pour le suivi de procédure en 2026.","Alerte de veille sur la montee de l'exigence de justification avant publication des claims.","Resume redige","Reference / contexte historique","Date affichee par la source","Contenu de la page publique; resume reformule",""
"S10","Publicite en ligne et evolution des modeles d'affaires","CNIL","https://www.cnil.fr/fr/publicite-en-ligne-la-cnil-se-prepare-aux-evolutions-des-modeles-daffaires","2024-07-04","2026-09-05","Donnees personnelles et publicite","Étude exploratoire publiée en 2024 sur les modèles publicitaires et la vie privée, issue de 25 entretiens conduits fin 2023-début 2024. Elle distingue ciblage contextuel, données propriétaires et retail media. Ses hypothèses sur le calendrier des cookies tiers sont historiques et ne sont pas reprises comme actualité.","Montre que la responsabilite marketing inclut aussi la sobriete data, le consentement et l'interoperabilite.","Resume redige","Reference / contexte historique","Date affichee par la source","Contenu de la page publique; resume reformule","Photographie 2023-2024, aucune affirmation d'une suppression effective des cookies tiers."
"S11","Cookies et autres traceurs","CNIL","https://www.cnil.fr/fr/cookies-et-autres-traceurs","","2026-09-05","Consentement","Page de reference sur les règles applicables aux cookies et traceurs dans le cadre du ciblage publicitaire.","Source utile pour documenter les criteres de collecte de donnees conformes.","Resume redige","Reference / contexte historique","Date de publication non etablie","Contenu de la page publique; resume reformule",""
"S12","Affichage environnemental sur les vetements","Ministere de la Transition ecologique","https://www.ecologie.gouv.fr/politiques-publiques/affichage-environnemental-vetements","2024-03-28","2026-09-05","Transparence produit","Le dispositif textile s'appuie sur une analyse du cycle de vie, completee par des criteres de durabilite et d'incitation a la reparation.","Exemple concret de communication par la preuve et de futur standard sectoriel.","Resume redige","Reference / contexte historique","Date affichee par la source","Contenu de la page publique; resume reformule","Page mise a jour le 27/03/2026; calendrier precise par le communique S13."
"S13","Lancement de l'affichage du cout environnemental textile","Ministere de la Transition ecologique","https://www.ecologie.gouv.fr/presse/mode-durable-laffichage-du-cout-environnemental-vetements-est-lance-partir-du-1er-octobre","2025-09-09","2026-09-05","Mode durable","Communique annoncant la possibilite d'afficher le cout environnemental des vetements a partir du 1er octobre 2025.","Actualise le calendrier de mise en marche pour les marques textiles.","Resume redige","Actualite recente","Date affichee par la source","Contenu de la page publique; resume reformule",""
"S14","Repository of European IAB initiatives for responsible digital advertising","IAB Europe","https://iabeurope.eu/wp-content/uploads/Repository-of-European-IABs-Initiatives-for-Responsible-Digital-Advertising-2024.pdf","2024-09-30","2026-09-05","Publicite digitale responsable","Panorama europeen d'initiatives sur privacy, DSA, transparence, influence marketing et durabilite de la publicite digitale.","Aide a identifier des standards professionnels et des categories de veille.","Resume redige","Reference / contexte historique","Date affichee par la source","PDF professionnel de 11 pages consulte",""
"S15","Sustainability Initiative","IAB Tech Lab","https://iabtechlab.com/standards-old/sustainability/","","2026-09-05","Programmatique durable","Initiative professionnelle pour réduire le gaspillage dans la chaîne publicitaire programmatique: nombre de requêtes et volume de données traitées. La page présente des pistes techniques, des guides et un travail sur les indicateurs carbone; elle ne démontre pas une réduction mesurée.","Source utile pour intégrer la mesure carbone des campagnes digitales et limiter le gaspillage d'encheres.","Resume redige","Reference / contexte historique","Date de publication non etablie","Contenu de la page publique; resume reformule","Dates contradictoires sur la page: affichage 2020, lancement 2023, metadonnees 2023/2024. Date de publication laissee vide."
"S16","Sustainability and Circularity in the Textile Value Chain - Global Roadmap","UNEP","https://www.unep.org/resources/publication/sustainability-and-circularity-textile-value-chain-global-roadmap","2023-03-02","2026-09-05","Circularite textile","Feuille de route internationale fondee sur des consultations multi-acteurs, avec priorites sur les modes de consommation, les pratiques et les infrastructures.","Document de reference pour relier marketing responsable, circularite et transformation sectorielle.","Resume redige","Reference / contexte historique","Date affichee par la source","Contenu de la page publique; resume reformule",""
"S17","Panorama des professionnels engagés","ADEME","https://communication-responsable.ademe.fr/fondamentaux/panorama-professionnels-engages","","2026-09-05","Offre et acteurs","Panorama des réseaux professionnels impliqués dans la communication responsable, dont l'AACC, ACT Responsible et Cap'Com. Il situe les métiers, les initiatives et les acteurs collectifs; il ne constitue pas un classement des agences.","Documenter l'écosystème de l'offre et les réseaux utiles pour identifier partenaires et concurrents.","Resume redige","Reference","Date de publication non etablie","Page publique consultee","Les associations citees ne sont pas assimilees a des agences concurrentes."
"S18","Pixels de suivi dans les courriels: recommandations finales de la CNIL","CNIL","https://www.cnil.fr/fr/recommandation-pixel-suivi-courriels","2026-04-14","2026-09-05","Vie privee et courriels","La CNIL publie ses recommandations finales sur les pixels de suivi dans les courriels après consultation publique. Le texte précise l'information, le consentement et les exemptions selon les finalités. La mesure individuelle d'ouverture des messages doit être examinée dans les campagnes.","Ajouter les pixels de courriels aux audits des campagnes et vérifier les finalités de mesure.","Resume redige","Actualite recente","Date affichee 14/04/2026","Page publique consultee","Recommandation, pas une nouvelle loi; distinguer les finalites et exceptions."
"S19","Green Claims: suivi de la procédure législative","Parlement europeen","https://www.europarl.europa.eu/legislative-train/theme-environment-climate-and-food-safety-envi/file-substantiating-green-claims","","2026-09-05","Reglementation europeenne","Le suivi législatif du Parlement signale la proposition Green Claims comme bloquée, dans sa version mise à jour le 20 juin 2026. Le programme de travail 2026 de la Commission la mentionne en attente. Il faut distinguer ce projet de la directive adoptée 2024/825.","Eviter de presenter une proposition legislative comme une obligation en vigueur.","Resume redige","Suivi de procedure","Mise a jour 20/06/2026; publication initiale non etablie","Fiche officielle via resultat indexe; ouverture directe limitee par le site","Statut de la derniere fiche officielle consultee: Blocked; ne vaut pas suivi temps reel."
