url,folder,title,note,tags,created
https://librairie.ademe.fr/economie-circulaire-et-dechets/9167-guide-de-l-influence-responsable-9791029723919.html,Veille marketing responsable - M1 Tech Lead,S01 - Guide de l'influence responsable,"ADEME | Publication: 2026-04-08 | Consultation: 2026-09-05
Guide opérationnel sur les pratiques d'influence, les enjeux éthiques et la réduction des effets de surconsommation dans les contenus sociaux.
Interet: Source centrale pour encadrer les partenariats influenceurs, les annotations de veille et les recommandations aux marques.
Portee: Contenu de la page publique; resume reformule
",Influence responsable,2026-09-05
https://librairie.ademe.fr/societe-et-politiques-publiques/8839-10637-guide-anti-greenwashing-de-l-ademe-edition-2025-9791029724312.html,Veille marketing responsable - M1 Tech Lead,S02 - Guide anti-greenwashing de l'ADEME - edition 2025,"ADEME | Publication: 2025-12-02 | Consultation: 2026-09-05
Ressource pratique destinée aux communicants pour éviter les allégations environnementales vagues ou trompeuses et intégrer les évolutions réglementaires.
Interet: Base de contrôle des messages de campagne et des claims environnementaux.
Portee: Contenu de la page publique; resume reformule
",Anti-greenwashing,2026-09-05
https://communication-responsable.ademe.fr/fondamentaux,Veille marketing responsable - M1 Tech Lead,S03 - Les fondamentaux de la communication responsable,"ADEME | Publication: non etablie | Consultation: 2026-09-05
Portail qui insiste sur la sincérité, la transformation réelle, l'analyse de pertinence, l'eco-socio-conception et la mobilisation des parties prenantes.
Interet: Cadre méthodologique pour structurer une offre de conseil en marketing responsable.
Portee: Contenu de la page publique; resume reformule
",Communication responsable,2026-09-05
https://communication-responsable.ademe.fr/barometre-de-la-consommation-responsable-2025-greenflex-et-lademe,Veille marketing responsable - M1 Tech Lead,S04 - Barometre de la consommation responsable 2025,"GreenFlex et ADEME | Publication: 2025-07-01 | Consultation: 2026-09-05
Le baromètre constate une conscience climatique élevée mais un engagement plus fragile, freiné par les prix, les promotions et les injonctions de consommation.
Interet: Permet de relier la demande client à des messages plus sobres, utiles et crédibles.
Portee: Contenu de la page publique; resume reformule
",Consommation responsable,2026-09-05
https://www.arpp.org/actualite/bilan-publicite-et-environnement-2023-2024/,Veille marketing responsable - M1 Tech Lead,S05 - Bilan publicite et environnement 2023-2024,"ARPP | Publication: 2024-10-02 | Consultation: 2026-09-05
Bilan d'application de la recommandation developpement durable, portant sur des publicites environnementales observees sur plusieurs medias.
Interet: Permet de surveiller les manquements, reserves et tendances de representation dans la publicite.
Portee: Page de presentation du bilan; rapport non utilise pour des chiffres
",Publicite environnementale,2026-09-05
https://www.arpp.org/nous-consulter/regles/regles-de-deontologie/developpement-durable/,Veille marketing responsable - M1 Tech Lead,S06 - Recommandation Developpement durable v3,"ARPP | Publication: non etablie | Consultation: 2026-09-05
Règles deontologiques applicables aux publicites utilisant un argument ecologique, social, societal ou economique lie au developpement durable.
Interet: Grille de conformité pour evaluer les campagnes et limiter les risques de greenwashing.
Portee: Contenu de la page publique; resume reformule
Recommandation deontologique v3 en vigueur depuis le 01/08/2020; distincte d'une loi.",Deontologie publicitaire,2026-09-05
https://www.economie.gouv.fr/dgccrf/actualites-dgccrf/marketing-dinfluence-la-dgccrf-intensifie-ses-controles-au-premier-trimestre-2023,Veille marketing responsable - M1 Tech Lead,S07 - Marketing d'influence: controles au premier trimestre 2023,"DGCCRF | Publication: 2023-05-03 | Consultation: 2026-09-05
La DGCCRF signale 50 influenceurs controles au premier trimestre 2023 et des constats d'infraction pour 60 pour cent d'entre eux.
Interet: Indique un risque réglementaire concret et la necessite de transparence des partenariats commerciaux.
Portee: Contenu de la page publique; resume reformule
Controle cible de 50 influenceurs en 2023; les 60 % ne representent pas tous les influenceurs.",Influence commerciale,2026-09-05
https://eur-lex.europa.eu/legal-content/FR/TXT/?uri=CELEX:32024L0825,Veille marketing responsable - M1 Tech Lead,S08 - Directive UE 2024/825 sur la transition verte des consommateurs,"Union europeenne - EUR-Lex | Publication: 2024-03-06 | Consultation: 2026-09-05
La directive encadre les allégations environnementales et les labels de durabilité. L'article 4 fixe une transposition au 27 mars 2026 et une application des dispositions au 27 septembre 2026. Son entrée en vigueur ne signifie pas application immédiate de toutes les nouvelles mesures.
Interet: Source juridique majeure pour anticiper les exigences de preuve, labels et engagements climatiques.
Portee: Contenu de la page publique; resume reformule
Articles 4 et 5 verifies. Calendrier europeen; aucune conclusion sur la transposition francaise.",Reglementation europeenne,2026-09-05
https://www.europarl.europa.eu/news/en/press-room/20240308IPR19001/parliament-wants-to-improve-consumer-protection-against-misleading-claims,Veille marketing responsable - M1 Tech Lead,S09 - Green claims: position du Parlement europeen,"Parlement europeen | Publication: 2024-03-12 | Consultation: 2026-09-05
Le Parlement a adopté en première lecture sa position sur une proposition distincte de directive relative à la justification des allégations environnementales. Cette position de 2024 n'est pas une loi applicable. Voir S19 pour le suivi de procédure en 2026.
Interet: Alerte de veille sur la montee de l'exigence de justification avant publication des claims.
Portee: Contenu de la page publique; resume reformule
",Green claims,2026-09-05
https://www.cnil.fr/fr/publicite-en-ligne-la-cnil-se-prepare-aux-evolutions-des-modeles-daffaires,Veille marketing responsable - M1 Tech Lead,S10 - Publicite en ligne et evolution des modeles d'affaires,"CNIL | Publication: 2024-07-04 | Consultation: 2026-09-05
Étude exploratoire publiée en 2024 sur les modèles publicitaires et la vie privée, issue de 25 entretiens conduits fin 2023-début 2024. Elle distingue ciblage contextuel, données propriétaires et retail media. Ses hypothèses sur le calendrier des cookies tiers sont historiques et ne sont pas reprises comme actualité.
Interet: Montre que la responsabilite marketing inclut aussi la sobriete data, le consentement et l'interoperabilite.
Portee: Contenu de la page publique; resume reformule
Photographie 2023-2024, aucune affirmation d'une suppression effective des cookies tiers.",Donnees personnelles et publicite,2026-09-05
https://www.cnil.fr/fr/cookies-et-autres-traceurs,Veille marketing responsable - M1 Tech Lead,S11 - Cookies et autres traceurs,"CNIL | Publication: non etablie | Consultation: 2026-09-05
Page de reference sur les règles applicables aux cookies et traceurs dans le cadre du ciblage publicitaire.
Interet: Source utile pour documenter les criteres de collecte de donnees conformes.
Portee: Contenu de la page publique; resume reformule
",Consentement,2026-09-05
https://www.ecologie.gouv.fr/politiques-publiques/affichage-environnemental-vetements,Veille marketing responsable - M1 Tech Lead,S12 - Affichage environnemental sur les vetements,"Ministere de la Transition ecologique | Publication: 2024-03-28 | Consultation: 2026-09-05
Le dispositif textile s'appuie sur une analyse du cycle de vie, completee par des criteres de durabilite et d'incitation a la reparation.
Interet: Exemple concret de communication par la preuve et de futur standard sectoriel.
Portee: Contenu de la page publique; resume reformule
Page mise a jour le 27/03/2026; calendrier precise par le communique S13.",Transparence produit,2026-09-05
https://www.ecologie.gouv.fr/presse/mode-durable-laffichage-du-cout-environnemental-vetements-est-lance-partir-du-1er-octobre,Veille marketing responsable - M1 Tech Lead,S13 - Lancement de l'affichage du cout environnemental textile,"Ministere de la Transition ecologique | Publication: 2025-09-09 | Consultation: 2026-09-05
Communique annoncant la possibilite d'afficher le cout environnemental des vetements a partir du 1er octobre 2025.
Interet: Actualise le calendrier de mise en marche pour les marques textiles.
Portee: Contenu de la page publique; resume reformule
",Mode durable,2026-09-05
https://iabeurope.eu/wp-content/uploads/Repository-of-European-IABs-Initiatives-for-Responsible-Digital-Advertising-2024.pdf,Veille marketing responsable - M1 Tech Lead,S14 - Repository of European IAB initiatives for responsible digital advertising,"IAB Europe | Publication: 2024-09-30 | Consultation: 2026-09-05
Panorama europeen d'initiatives sur privacy, DSA, transparence, influence marketing et durabilite de la publicite digitale.
Interet: Aide a identifier des standards professionnels et des categories de veille.
Portee: PDF professionnel de 11 pages consulte
",Publicite digitale responsable,2026-09-05
https://iabtechlab.com/standards-old/sustainability/,Veille marketing responsable - M1 Tech Lead,S15 - Sustainability Initiative,"IAB Tech Lab | Publication: non etablie | Consultation: 2026-09-05
Initiative professionnelle pour réduire le gaspillage dans la chaîne publicitaire programmatique: nombre de requêtes et volume de données traitées. La page présente des pistes techniques, des guides et un travail sur les indicateurs carbone; elle ne démontre pas une réduction mesurée.
Interet: Source utile pour intégrer la mesure carbone des campagnes digitales et limiter le gaspillage d'encheres.
Portee: Contenu de la page publique; resume reformule
Dates contradictoires sur la page: affichage 2020, lancement 2023, metadonnees 2023/2024. Date de publication laissee vide.",Programmatique durable,2026-09-05
https://www.unep.org/resources/publication/sustainability-and-circularity-textile-value-chain-global-roadmap,Veille marketing responsable - M1 Tech Lead,S16 - Sustainability and Circularity in the Textile Value Chain - Global Roadmap,"UNEP | Publication: 2023-03-02 | Consultation: 2026-09-05
Feuille de route internationale fondee sur des consultations multi-acteurs, avec priorites sur les modes de consommation, les pratiques et les infrastructures.
Interet: Document de reference pour relier marketing responsable, circularite et transformation sectorielle.
Portee: Contenu de la page publique; resume reformule
",Circularite textile,2026-09-05
https://communication-responsable.ademe.fr/fondamentaux/panorama-professionnels-engages,Veille marketing responsable - M1 Tech Lead,S17 - Panorama des professionnels engagés,"ADEME | Publication: non etablie | Consultation: 2026-09-05
Panorama des réseaux professionnels impliqués dans la communication responsable, dont l'AACC, ACT Responsible et Cap'Com. Il situe les métiers, les initiatives et les acteurs collectifs; il ne constitue pas un classement des agences.
Interet: Documenter l'écosystème de l'offre et les réseaux utiles pour identifier partenaires et concurrents.
Portee: Page publique consultee
Les associations citees ne sont pas assimilees a des agences concurrentes.",Offre et acteurs,2026-09-05
https://www.cnil.fr/fr/recommandation-pixel-suivi-courriels,Veille marketing responsable - M1 Tech Lead,S18 - Pixels de suivi dans les courriels: recommandations finales de la CNIL,"CNIL | Publication: 2026-04-14 | Consultation: 2026-09-05
La CNIL publie ses recommandations finales sur les pixels de suivi dans les courriels après consultation publique. Le texte précise l'information, le consentement et les exemptions selon les finalités. La mesure individuelle d'ouverture des messages doit être examinée dans les campagnes.
Interet: Ajouter les pixels de courriels aux audits des campagnes et vérifier les finalités de mesure.
Portee: Page publique consultee
Recommandation, pas une nouvelle loi; distinguer les finalites et exceptions.",Vie privee et courriels,2026-09-05
https://www.europarl.europa.eu/legislative-train/theme-environment-climate-and-food-safety-envi/file-substantiating-green-claims,Veille marketing responsable - M1 Tech Lead,S19 - Green Claims: suivi de la procédure législative,"Parlement europeen | Publication: non etablie | Consultation: 2026-09-05
Le suivi législatif du Parlement signale la proposition Green Claims comme bloquée, dans sa version mise à jour le 20 juin 2026. Le programme de travail 2026 de la Commission la mentionne en attente. Il faut distinguer ce projet de la directive adoptée 2024/825.
Interet: Eviter de presenter une proposition legislative comme une obligation en vigueur.
Portee: Fiche officielle via resultat indexe; ouverture directe limitee par le site
Statut de la derniere fiche officielle consultee: Blocked; ne vaut pas suivi temps reel.",Reglementation europeenne,2026-09-05
